<?xml version="1.0" encoding="UTF-8" standalone="yes"?>
<addon id="repository.xylextvbuilds" name="[B]XYLEX TV BUILDS Repository[/B]" version="1.1" provider-name="XYLEX">
	<extension point="xbmc.addon.repository" name="XYLEX TV BUILDS Repository">
		<info compressed="false">http://xylex.rf.gd/xylexhub/addons.xml</info>
		<checksum>http://xylex.rf.gd/xylexhub/addons.xml.md5</checksum>
		<datadir zip="true">http://xylex.rf.gd/xylexhub/</datadir>
	</extension>
	  <extension point="xbmc.addon.metadata">
		<summary lang="en">XYLEX TV Repository</summary>
		<description lang="en">Please visit https://www.facebook.com/groups/374528373001072 Thank you.</description>
		<platform>all</platform>
		<forum>https://www.facebook.com/groups/374528373001072/</forum>
		<website>https://xylex.webs.com</website>
	  <assets>
		<icon>icon.png</icon>
		<screenshot>resources/screenshots/screenshot1.jpg</screenshot>
		<screenshot>resources/screenshots/screenshot2.jpg</screenshot>
		<screenshot>resources/screenshots/screenshot3.jpg</screenshot>
		<screenshot>resources/screenshots/screenshot4.jpg</screenshot>
		<screenshot>resources/screenshots/screenshot5.jpg</screenshot>
	  </assets>
	  </extension>
</addon>