<addon id="plugin.program.xylexpremium" name="XyleX Premium" version="2.0" provider-name="XYLEX">
  <requires>
    <import addon="xbmc.python" version="2.1.0"/>
  </requires>
  <extension point="xbmc.python.pluginsource" library="default.py">
    <provides>executable</provides>
  </extension>
  <extension point="xbmc.service" library="startup.py" start="startup" />
  <extension point="xbmc.addon.metadata">
    <summary lang="en">XyleX Premium Builds</summary>
    <description lang="en">Kodi/Install Build/Install Apks And More</description>
    <platform>all</platform>
	<news>Thanks To Aftermath For The Base</news>
  </extension>
</addon>